{
  "train_loss": [
    0.6038609038699757,
    0.5465287566184998,
    0.5299391963265159,
    0.5225421190261841,
    0.5076374628327109,
    0.49717242880301044,
    0.4829214404929768,
    0.47233996066180145,
    0.46264600482853974,
    0.4612915272062475,
    0.45262504436753015,
    0.4310018203475259,
    0.386817685582421,
    0.3673758154565638,
    0.35224262150851166,
    0.3354323018680919,
    0.333790275183591,
    0.3305232660336928,
    0.31826704198663885,
    0.31395950371568854,
    0.3087153814055703,
    0.3046824417331002,
    0.30770400166511536,
    0.2979103082960302,
    0.29491001096638764,
    0.29555313966491004,
    0.29345292394811456,
    0.29350187561728736,
    0.2883191569284959
  ],
  "val_loss": [
    0.5003448128700256,
    0.47741663455963135,
    0.47230225801467896,
    0.45506995916366577,
    0.44144657254219055,
    0.4271092712879181,
    0.4277094006538391,
    0.41130298376083374,
    0.4148540794849396,
    0.4076875150203705,
    0.42795541882514954,
    0.3875945508480072,
    0.40292826294898987,
    0.3947013020515442,
    0.42014408111572266,
    0.42761120200157166,
    0.4289322793483734,
    0.44206684827804565,
    0.47383928298950195,
    0.4466140866279602,
    0.46093469858169556,
    0.4676280915737152,
    0.46077999472618103,
    0.4702160954475403,
    0.46398401260375977,
    0.47861427068710327,
    0.4758986234664917,
    0.4800024926662445,
    0.4799186885356903
  ],
  "val_auc": [
    0.8379321523235636,
    0.8385042237943594,
    0.841793634751435,
    0.8564577334528327,
    0.8594706431990237,
    0.8659064472454759,
    0.8723422512919281,
    0.8752598157929864,
    0.8722850441448485,
    0.8762132682443127,
    0.8873305238267768,
    0.8919929063137622,
    0.8882553727045632,
    0.8959211304132263,
    0.8879788714936786,
    0.8893518430235885,
    0.8847466676836826,
    0.8828302282565168,
    0.8794931446768749,
    0.880074750672184,
    0.8805038042752807,
    0.8793501268091761,
    0.880294044735989,
    0.8791403672698841,
    0.8768520813867012,
    0.8750500562536946,
    0.8730382715813962,
    0.8719704048359107,
    0.8723422512919281
  ],
  "val_ap": [
    0.6664774997773478,
    0.6483076208500522,
    0.6494222857357274,
    0.6954528966858358,
    0.7007218415447068,
    0.7109474640937976,
    0.7177043271376656,
    0.7205030030959384,
    0.7113353980769256,
    0.7180411216284636,
    0.7526946244086944,
    0.7401051632535172,
    0.7440464575746879,
    0.7568165546069611,
    0.7423683516185772,
    0.7411042902657793,
    0.7399886084969937,
    0.7383531664099874,
    0.7285863226703678,
    0.7340167474923538,
    0.7434160329774944,
    0.7453095785384214,
    0.7444867113467762,
    0.7501591101864772,
    0.7365345428358485,
    0.7315497797662183,
    0.7243560423554616,
    0.727322595415405,
    0.7262777611437239
  ],
  "val_accuracy": [
    0.7205240174672489,
    0.7379912663755459,
    0.7554585152838428,
    0.7656477438136827,
    0.7685589519650655,
    0.7933042212518195,
    0.7656477438136827,
    0.8020378457059679,
    0.8034934497816594,
    0.8020378457059679,
    0.7976710334788938,
    0.8209606986899564,
    0.8224163027656477,
    0.8311499272197962,
    0.8238719068413392,
    0.8122270742358079,
    0.8093158660844251,
    0.8136826783114993,
    0.8078602620087336,
    0.8151382823871907,
    0.8093158660844251,
    0.8107714701601164,
    0.8122270742358079,
    0.8151382823871907,
    0.8136826783114993,
    0.8136826783114993,
    0.8107714701601164,
    0.8122270742358079,
    0.8093158660844251
  ]
}